<?xml version="1.0" encoding="UTF-8"?>
<project xsi:schemaLocation="http://maven.apache.org/DECORATION/1.0.1 http://maven.apache.org/xsd/decoration-1.0.1.xsd" xmlns="http://maven.apache.org/DECORATION/1.0.1"
    xmlns:xsi="http://www.w3.org/2001/XMLSchema-instance">
  <body>
    <menu name="Seu projeto">
      <item name="Equipe" href="team-list.html" />
      <item name="Resumo" href="project-summary.html" />
      <item name="Dependências" href="dependency-info.html" />
      <item name="Plugins" href="plugins.html" />
    </menu>
    <menu name="Seu código">
     <item name="Relatório do FindBugs" href="findbugs.html" />
     <item name="Relatório do CPD" href="cpd.html" />
     <item name="Relatório do PMD" href="pmd.html" />
     <item name="Cobertura de testes" href="cobertura/index.html" />
     <item name="JavaDocs" href="apidocs/index.html" />
    </menu>
   <menu name="Tokio Marine Seguradora">
      <item name="Portal da Infra" href="http://infra.tokiomarine.com.br/" />
      <item name="Site externo" href="http://www.tokiomarine.com.br/" />
      <item name="Intranet" href="http://intranet.tokiomarine.com.br/" />
      <item name="Projetos" href="http://projetos.tokiomarine.com.br/" />
    </menu>
  </body>
  <skin>
    <groupId>org.apache.maven.skins</groupId>
    <artifactId>maven-fluido-skin</artifactId>
    <version>1.3.0</version>
   </skin>
   <custom>
    <fluidoSkin>
      <topBarEnabled>true</topBarEnabled>
      <sideBarEnabled>false</sideBarEnabled>
      <topBarIcon>
        <name>Tokio Marine Seguradora</name>
        <alt>Tokio Marine Seguradora</alt>
        <src>/images/tokio-marine-seguradora.png</src>
        <href>/index.html</href>
      </topBarIcon>
    </fluidoSkin>
  </custom>
</project>
