{
  "id": "58d4bdb5-f223-bb4d-0a05-b98debd456df",
  "name": "Y",
  "values": [
    {
      "enabled": true,
      "key": "servicosAcsel",
      "value": "http://srvmid002a.tokiomarine.com.br:9092/ServicosAcselx/servicos-rest",
      "type": "text"
    },
    {
      "enabled": true,
      "key": "documentosRest",
      "value": "https://servicos-aceiteint.tokiomarine.com.br/acx/documentos-rest",
      "type": "text"
    },
    {
      "enabled": true,
      "key": "backofficeComunicacao",
      "value": "http://srvmid002a.tokiomarine.com.br:9092/BackofficeComunicacao/rest",
      "type": "text"
    }
  ],
  "timestamp": 1497962321741,
  "_postman_variable_scope": "environment",
  "_postman_exported_at": "2017-09-11T14:05:29.860Z",
  "_postman_exported_using": "Postman/5.2.0"
}