{
  "id": "a7c4618c-cdbd-53fe-0d01-8de4c93ad2e5",
  "name": "Z",
  "values": [
    {
      "enabled": true,
      "key": "servicosAcsel",
      "value": "http://srvmid005a.tokiomarine.com.br:7082/ServicosAcselx/servicos-rest",
      "type": "text"
    },
    {
      "enabled": true,
      "key": "documentosRest",
      "value": "http://srvacx01d:8080/acx/documentos-rest",
      "type": "text"
    },
    {
      "enabled": true,
      "key": "backofficeComunicacao",
      "value": "http://srvmid005a.tokiomarine.com.br:7082/BackofficeComunicacao/rest",
      "type": "text"
    }
  ],
  "timestamp": 1488995603147,
  "_postman_variable_scope": "environment",
  "_postman_exported_at": "2017-09-11T14:05:32.592Z",
  "_postman_exported_using": "Postman/5.2.0"
}