<beans xmlns="http://www.springframework.org/schema/beans"
	   xmlns:context="http://www.springframework.org/schema/context"
	   xmlns:tx="http://www.springframework.org/schema/tx"
	   xmlns:mvc="http://www.springframework.org/schema/mvc"
	   xmlns:xsi="http://www.w3.org/2001/XMLSchema-instance"
	   xmlns:jee="http://www.springframework.org/schema/jee"
	xsi:schemaLocation="
        http://www.springframework.org/schema/beans
        http://www.springframework.org/schema/beans/spring-beans-4.1.xsd
        http://www.springframework.org/schema/context
        http://www.springframework.org/schema/context/spring-context-4.1.xsd
        http://www.springframework.org/schema/tx
        http://www.springframework.org/schema/tx/spring-tx-4.1.xsd
        http://www.springframework.org/schema/mvc
        http://www.springframework.org/schema/mvc/spring-mvc-4.1.xsd
        http://www.springframework.org/schema/jee
        http://www.springframework.org/schema/jee/spring-jee.xsd ">

	<mvc:annotation-driven />

	<context:component-scan base-package="br.com.tokiomarine.acsel.controller" />
	<context:component-scan base-package="br.com.tokiomarine.acsel.dto" />

	<mvc:resources mapping="/**/*.png" location="/" />
	<mvc:resources mapping="/**/*.jpg" location="/" />
	<mvc:resources mapping="/resources/**" location="/resources/" />
	<mvc:resources mapping="/erros/**" location="/WEB-INF/views/erros/" />

	<bean
		class="org.springframework.web.servlet.view.InternalResourceViewResolver">
		<property name="prefix" value="/WEB-INF/views/" />
		<property name="suffix" value=".jsp" />
	</bean>

	<bean
		class="org.springframework.context.support.ReloadableResourceBundleMessageSource"
		id="messageSource">
		<property name="basename" value="/WEB-INF/classes/messages" />
		<property name="fallbackToSystemLocale" value="false" />
        <property name="defaultEncoding" value="UTF-8" />
        <property name="fileEncodings" value="UTF-8" />
	</bean>

	<mvc:interceptors>
     <bean class="br.com.tokiomarine.acsel.interceptor.ModelHandlerInterceptor" autowire="constructor" />
    </mvc:interceptors>

    <!-- Configure to plugin JSON as request and response in method handler -->
    <bean class="org.springframework.web.servlet.mvc.method.annotation.RequestMappingHandlerAdapter">
        <property name="messageConverters">
            <list>
                <ref bean="jsonMessageConverter"/>
            </list>
        </property>
    </bean>

    <!-- Configure bean to convert JSON to POJO and vice versa -->
    <bean id="jsonMessageConverter" class="org.springframework.http.converter.json.MappingJackson2HttpMessageConverter">
    </bean>

    <jee:local-slsb id="ejbAgendamentoComunicacaoService" jndi-name="java:app/Documentos/AgendamentoComunicacaoService" business-interface="br.com.tokiomarine.acsel.service.AgendamentoComunicacaoService"/>
	<jee:local-slsb id="ejbColaboradoresService" jndi-name="java:app/Documentos/ColaboradoresService" business-interface="br.com.tokiomarine.acsel.service.ColaboradoresService"/>
	<jee:local-slsb id="ejbModeloComunicacaoService" jndi-name="java:app/Documentos/ModeloComunicacaoService" business-interface="br.com.tokiomarine.acsel.service.ModeloComunicacaoService"/>
	<jee:local-slsb id="ejbModeloComunicacaoDestinoService" jndi-name="java:app/Documentos/ModeloComunicacaoDestinoService" business-interface="br.com.tokiomarine.acsel.service.ModeloComunicacaoDestinoService"/>
	<jee:local-slsb id="ejbModeloComunicacaoProcessoService" jndi-name="java:app/Documentos/ModeloComunicacaoProcessoService" business-interface="br.com.tokiomarine.acsel.service.ModeloComunicacaoProcessoService"/>
	<jee:local-slsb id="ejbModeloComunicacaoSistemaOrigemService" jndi-name="java:app/Documentos/ModeloComunicacaoSistemaOrigemService" business-interface="br.com.tokiomarine.acsel.service.ModeloComunicacaoSistemaOrigemService"/>
	<jee:local-slsb id="ejbEnderecosService" jndi-name="java:app/Documentos/EnderecosService" business-interface="br.com.tokiomarine.acsel.service.EnderecosService"/>
	<jee:local-slsb id="ejbValidaSegundaViaService" jndi-name="java:app/Documentos/ValidaSegundaViaService" business-interface="br.com.tokiomarine.acsel.service.ValidaSegundaViaService"/>
	<jee:local-slsb id="ejbDocumentosService" jndi-name="java:app/Documentos/DocumentosService" business-interface="br.com.tokiomarine.acsel.service.DocumentosService"/>
	<jee:local-slsb id="ejbSegundaViaService" jndi-name="java:app/Documentos/SegundaViaService" business-interface="br.com.tokiomarine.acsel.service.SegundaViaService"/>
	<jee:local-slsb id="ejbEnvioComunicacaoService" jndi-name="java:app/Documentos/EnvioComunicacaoService" business-interface="br.com.tokiomarine.acsel.service.EnvioComunicacaoService"/>
	<jee:local-slsb id="ejbParametrosService" jndi-name="java:app/Documentos/ParametrosService" business-interface="br.com.tokiomarine.acsel.service.ParametrosService"/>

</beans>