<?xml version="1.0" encoding="UTF-8"?>
<decorators defaultdir="/decorators" >
	<decorator name="interno" page="principal.jsp">
		<pattern>/*</pattern>
	</decorator>
	<excludes>
   		<pattern>/index.jsp</pattern>
   		<pattern>/segundavia/hist*</pattern>
   		<pattern>/segundavia/cancela*</pattern>
   		<pattern>/corretor/segundavia/hist*</pattern>
   		<pattern>/corretor/segundavia/cancela*</pattern>
   		<pattern>/comunicacao/modelos/preview*</pattern>
   		<pattern>/comunicacao/agendamento/erros*</pattern>
   		<pattern>/comunicacao/agendamento/email*</pattern>
   		<pattern>/heartbeat</pattern>
   		<pattern>/versao</pattern>
   		<pattern>/versao/*</pattern>
   		<pattern>/stats</pattern>
   		<pattern>/stats/*</pattern>
   		<pattern>/tms/monitoring</pattern>
   		<pattern>/tms/monitoring/*</pattern>
   		<pattern>/rest/*</pattern>
   	</excludes>
</decorators>
