<jboss-deployment-structure>
	<ear-subdeployments-isolated>true</ear-subdeployments-isolated>
    <deployment>
        <exclusions>
            <module name="org.apache.log4j" />
            <module name="org.slf4j" />
            <module name="org.slf4j.ext" />
            <module name="org.slf4j.impl" />
        </exclusions>
	</deployment>
	<sub-deployment name="Documentos.jar">
		<exclusions>
            <module name="org.apache.log4j" />
            <module name="org.slf4j" />
            <module name="org.slf4j.ext" />
            <module name="org.slf4j.impl" />
		</exclusions>
	</sub-deployment>
	<sub-deployment name="DocumentosRest.war">
        <exclusions>
            <module name="org.apache.log4j" />
            <module name="org.slf4j" />
            <module name="org.slf4j.ext" />
            <module name="org.slf4j.impl" />
            <module name="org.jboss.resteasy.resteasy-jackson-provider"/>
        </exclusions>
	</sub-deployment>
	<sub-deployment name="DocumentosView.war">
		<exclusions>
            <module name="org.apache.log4j" />
            <module name="org.slf4j" />
            <module name="org.slf4j.ext" />
            <module name="org.slf4j.impl" />
		</exclusions>
	</sub-deployment>
</jboss-deployment-structure>