<?xml version="1.0" encoding="UTF-8"?>
<!DOCTYPE xml>
<Configuration monitorInterval="60">
    <Properties>
        <Property name="logstash.host">udp:srvdocker02d.tokiomarine.com.br</Property>
        <Property name="logstash.port">12201</Property>
    </Properties>
    <Appenders>
        <Console name="Console-Appender" target="SYSTEM_OUT">
            <PatternLayout>
                <pattern>
                    [%-5level] %d{yyyy-MM-dd HH:mm:ss.SSS} [%t] %c{1} - %msg%n
                </pattern>

            </PatternLayout>
        </Console>
        <RollingFile  name="App-Appender" fileName="${path}/gnt-agendamento.log"
                      filePattern="${path}/gtn-agendamento_%d{dd-MM-yyyy}_%i.log">
            <PatternLayout>
                <pattern>
                    [%-5level] %d{yyyy-MM-dd HH:mm:ss.SSS} [%t] %c{1} - %msg%n
                </pattern>
            </PatternLayout>
            <Policies>
                <TimeBasedTriggeringPolicy />
                <SizeBasedTriggeringPolicy size="10 MB" />
            </Policies>
            <DefaultRolloverStrategy max="10" />
        </RollingFile >
        <RollingFile  name="SpringBoot-Appender" fileName="${path}/gnt-agendamento_springboot.log"
                      filePattern="${sys:jboss.server.log.dir}/gnt-agendamento_springboot_%d{dd-MM-yyyy}_%i.log">
            <PatternLayout>
                <pattern>
                    [%-5level] %d{yyyy-MM-dd HH:mm:ss.SSS} [%t] %c{1} - %msg%n
                </pattern>
            </PatternLayout>
            <Policies>
                <TimeBasedTriggeringPolicy />
                <SizeBasedTriggeringPolicy size="10 MB" />
            </Policies>
            <DefaultRolloverStrategy max="10" />
        </RollingFile >
        <Gelf name="Gelf" host="${logstash.host}" port="${logstash.port}" version="1.1"
              extractStackTrace="true" filterStackTrace="false" originHost="%host{fqdn}">
            <Field name="timestamp" pattern="%d{dd MMM yyyy HH:mm:ss,SSS}" />
            <Field name="level" pattern="%level" />
            <Field name="simpleClassName" pattern="%C{1}" />
            <Field name="className" pattern="%C" />
            <Field name="server" pattern="%host" />
            <Field name="application" pattern="gtn-agendamento" />
            <Field name="tag" pattern="gestao-apolices" />
        </Gelf>
    </Appenders>
    <Loggers>
        <Logger name="org.springframework.web" level="info" additivity="false">
            <AppenderRef ref="SpringBoot-Appender" />
            <AppenderRef ref="Console-Appender" />
        </Logger>
        <Logger name="br.com.tokiomarine.gntagendamento" level="info" additivity="false">
            <AppenderRef ref="App-Appender" />
            <AppenderRef ref="Console-Appender" />
            <AppenderRef ref="Gelf" />
        </Logger>
        <Root level="info">
            <AppenderRef ref="Console-Appender" />
            <AppenderRef ref="Gelf" />
        </Root>
    </Loggers>
</Configuration>