{
  "id": "6936657e-02ec-1947-1794-b59f577946f5",
  "name": "LOCAL",
  "values": [
    {
      "enabled": true,
      "key": "servicosAcsel",
      "value": "http://localhost:8080/ServicosAcselx/servicos-rest",
      "type": "text"
    },
    {
      "enabled": true,
      "key": "documentosRest",
      "value": "http://localhost:8080/acx/documentos-rest",
      "type": "text"
    },
    {
      "enabled": true,
      "key": "backofficeComunicacao",
      "value": "http://localhost:8080/BackofficeComunicacao/rest",
      "type": "text"
    }
  ],
  "timestamp": 1488995603114,
  "_postman_variable_scope": "environment",
  "_postman_exported_at": "2017-09-11T14:04:46.052Z",
  "_postman_exported_using": "Postman/5.2.0"
}