{
  "id": "024ed10c-8a19-8605-fb20-e45e3d006d7e",
  "name": "PROD",
  "values": [
    {
      "enabled": true,
      "key": "servicosAcsel",
      "value": "http://acxapp.tokiomarine.com.br/ServicosAcselx/servicos-rest",
      "type": "text"
    },
    {
      "enabled": true,
      "key": "documentosRest",
      "value": "https://servicos-int.tokiomarine.com.br/acx/documentos-rest",
      "type": "text"
    }
  ],
  "timestamp": 1488995603108,
  "_postman_variable_scope": "environment",
  "_postman_exported_at": "2017-09-11T14:05:18.068Z",
  "_postman_exported_using": "Postman/5.2.0"
}