{
  "id": "df61054a-3550-8d55-6dea-20c5be59850f",
  "name": "W",
  "values": [
    {
      "enabled": true,
      "key": "servicosAcsel",
      "value": "http://srvmid002a.tokiomarine.com.br:9092/ServicosAcselx/servicos-rest",
      "type": "text"
    },
    {
      "enabled": true,
      "key": "documentosRest",
      "value": "https://servicos-aceiteint3.tokiomarine.com.br/acx/documentos-rest",
      "type": "text"
    },
    {
      "enabled": true,
      "key": "backofficeComunicacao",
      "value": "http://srvmid002a.tokiomarine.com.br:9092/BackofficeComunicacao/rest",
      "type": "text"
    }
  ],
  "timestamp": 1488995603172,
  "_postman_variable_scope": "environment",
  "_postman_exported_at": "2017-09-11T14:05:20.485Z",
  "_postman_exported_using": "Postman/5.2.0"
}