{
  "id": "0b5113a1-6bb1-fa0f-9479-3b43d94939fc",
  "name": "X",
  "values": [
    {
      "enabled": true,
      "key": "servicosAcsel",
      "value": "http://srvmid005a.tokiomarine.com.br:7082/ServicosAcselx/servicos-rest",
      "type": "text"
    },
    {
      "enabled": true,
      "key": "documentosRest",
      "value": "http://srvacx01d:8081/acx/documentos-rest",
      "type": "text"
    },
    {
      "enabled": true,
      "key": "backofficeComunicacao",
      "value": "http://srvmid005a.tokiomarine.com.br:7082/BackofficeComunicacao/rest",
      "type": "text"
    }
  ],
  "timestamp": 1497623690010,
  "_postman_variable_scope": "environment",
  "_postman_exported_at": "2017-09-11T14:05:22.351Z",
  "_postman_exported_using": "Postman/5.2.0"
}