{
	"_id": 3,
    "name": "Comédia",
	"films": [
		{
			"_id": 1,
			"name": "O Grande Ditador",
			"image": "https://firebasestorage.googleapis.com/v0/b/classicine-1c6e2.appspot.com/o/grande-ditador.jpg?alt=media&token=626de400-123d-4e79-ac72-b7a18b326087",
			"visible": true
		}, {
			"_id": 2,
			"name": "A Felicidade Não Se Compra",
			"image": "https://firebasestorage.googleapis.com/v0/b/classicine-1c6e2.appspot.com/o/tempo-moderno.jpg?alt=media&token=cefb2f92-6f5e-4e03-a4a5-9ef661d48020",
			"visible": true
		}, {
			"_id": 3,
			"name": "Tempos Modernos",
			"image": "https://firebasestorage.googleapis.com/v0/b/classicine-1c6e2.appspot.com/o/tempo-moderno.jpg?alt=media&token=cefb2f92-6f5e-4e03-a4a5-9ef661d48020",
			"visible": true
		}, {
			"_id": 4,
			"name": "Cupido É Moleque Teimoso",
			"image": "https://firebasestorage.googleapis.com/v0/b/classicine-1c6e2.appspot.com/o/cupido-moleque-teimoso.jpg?alt=media&token=adefacdd-fee4-4424-a740-0d0661adfe67",
			"visible": true
		}, {
			"_id": 5,
			"name": "Diabo A Quatro",
			"image": "https://firebasestorage.googleapis.com/v0/b/classicine-1c6e2.appspot.com/o/diabo-quatro.jpg?alt=media&token=c545d097-c475-4662-80c0-2a5496ebc012",
			"visible": true
		}
	]
}