{
	"_id": 2,
    "name": "Drama",
	"films": [
		{
			"_id": 1,
			"name": "Cidadão Kane",
			"image": "https://firebasestorage.googleapis.com/v0/b/classicine-1c6e2.appspot.com/o/cidadao-kane.jpg?alt=media&token=269f9bf4-ba30-4106-9909-3c65c32aa8f9",
			"visible": true
		}, {
			"_id": 2,
			"name": "Falcão Maltês",
			"image": "https://firebasestorage.googleapis.com/v0/b/classicine-1c6e2.appspot.com/o/falcao-maltes.jpg?alt=media&token=31a89cf0-c973-48df-970f-7f3e668d3cbf",
			"visible": true
		}, {
			"_id": 3,
			"name": "Obsessão",
			"image": "https://firebasestorage.googleapis.com/v0/b/classicine-1c6e2.appspot.com/o/obsessao.jpg?alt=media&token=9dbcf888-01ca-4e72-a470-7626fa00b949",
			"visible": true
		}, {
			"_id": 4,
			"name": "O Homem Que Ri",
			"image": "https://firebasestorage.googleapis.com/v0/b/classicine-1c6e2.appspot.com/o/homem-ri.jpg?alt=media&token=f8086dc6-d9ef-49c7-b789-03944d7fa8e8",
			"visible": true
		}, {
			"_id": 5,
			"name": "O Médico E O Monstro",
			"image": "https://firebasestorage.googleapis.com/v0/b/classicine-1c6e2.appspot.com/o/medico-monstro.jpg?alt=media&token=db56f0c4-b3a4-4d25-b512-89ddf54d44ab",
			"visible": true
		}, {
			"_id": 6,
			"name": "A Sombra De Uma Dúvida",
			"image": "https://firebasestorage.googleapis.com/v0/b/classicine-1c6e2.appspot.com/o/sombra-duvida.jpg?alt=media&token=2c616721-a855-4ec5-87d3-a195c80b6d3e",
			"visible": true
		}, {
			"_id": 7,
			"name": "O Mágico De Oz",
			"image": "https://firebasestorage.googleapis.com/v0/b/classicine-1c6e2.appspot.com/o/magico-oz.jpg?alt=media&token=1602c647-a542-4080-894e-338bcfccad50",
			"visible": true
		}, {
			"_id": 8,
			"name": "Fausto",
			"image": "https://firebasestorage.googleapis.com/v0/b/classicine-1c6e2.appspot.com/o/fausto.jpg?alt=media&token=f08d3105-db54-4110-aa74-c56b935429bb",
			"visible": true
		}, {
			"_id": 9,
			"name": "Esse Mundo É Um Hospício",
			"image": "https://firebasestorage.googleapis.com/v0/b/classicine-1c6e2.appspot.com/o/mundo-hospicio.jpg?alt=media&token=59f3b286-ae40-4c46-8803-404b26209e89",
			"visible": true
		}, {
			"_id": 10,
			"name": "Metropolis",
			"image": "https://firebasestorage.googleapis.com/v0/b/classicine-1c6e2.appspot.com/o/metropolis.jpg?alt=media&token=6503848c-eb47-4e98-a47b-1015c16ad627",
			"visible": true
		}, {
			"_id": 11,
			"name": "Inimigo Publico",
			"image": "https://firebasestorage.googleapis.com/v0/b/classicine-1c6e2.appspot.com/o/inimigo-publico.jpg?alt=media&token=309eac5a-c450-47cd-81fd-45a8e1e5bec9",
			"visible": true
		}, {
			"_id": 12,
			"name": "Quando Fala o Coração",
			"image": "https://firebasestorage.googleapis.com/v0/b/classicine-1c6e2.appspot.com/o/quando-fala-coracao.jpg?alt=media&token=eeb57b4f-f474-4af1-bf66-dda7d8e6c0c5",
			"visible": true
		}, {
			"_id": 13,
			"name": "Scarface",
			"image": "https://firebasestorage.googleapis.com/v0/b/classicine-1c6e2.appspot.com/o/scarface.jpg?alt=media&token=c7eaf082-d1a5-45fd-93b0-041cd8ed35e4",
			"visible": true
		}, {
			"_id": 14,
			"name": "Hamlet",
			"image": "https://firebasestorage.googleapis.com/v0/b/classicine-1c6e2.appspot.com/o/hamlet.jpg?alt=media&token=54fdb830-8d72-4bca-90e9-73fe0b9e8713",
			"visible": true
		}, {
			"_id": 15,
			"name": "Festim Diabólico",
			"image": "https://firebasestorage.googleapis.com/v0/b/classicine-1c6e2.appspot.com/o/festim-diabolico.jpg?alt=media&token=598ee063-a201-42fe-b39e-6e7a850cd803",
			"visible": true
		}, {
			"_id": 16,
			"name": "Interlúdio",
			"image": "https://firebasestorage.googleapis.com/v0/b/classicine-1c6e2.appspot.com/o/interludio.jpg?alt=media&token=eef8e2af-a3a2-4caa-a255-f73e14f72778",
			"visible": true
		}, {
			"_id": 17,
			"name": "As Vinhas Da Ira",
			"image": "https://firebasestorage.googleapis.com/v0/b/classicine-1c6e2.appspot.com/o/vinhas-ira.jpg?alt=media&token=b7355ebf-16b0-4b8d-80a7-c98f87e303c0",
			"visible": true
		}, {
			"_id": 18,
			"name": "Pacto De Sangue",
			"image": "https://firebasestorage.googleapis.com/v0/b/classicine-1c6e2.appspot.com/o/pacto_sangue.jpg?alt=media&token=64b0daad-6b4b-4692-b6c0-54df2b13d39f",
			"visible": true
		}
	]
}