{
	"_id": 5,
    "name": "Infantil",
	"films": [
		{
			"_id": 1,
			"name": "Branca De Neve E Os Sete Anões",
			"image": "https://firebasestorage.googleapis.com/v0/b/classicine-1c6e2.appspot.com/o/branca-neve-anao.jpg?alt=media&token=93795f31-f8f5-432e-a6b3-21a40ba01b5f",
			"visible": true
		}, {
			"_id": 2,
			"name": "Bambi",
			"image": "https://firebasestorage.googleapis.com/v0/b/classicine-1c6e2.appspot.com/o/bambi.jpg?alt=media&token=a0654784-8b9b-4942-aab1-3c07177ce304",
			"visible": true
		}, {
			"_id": 3,
			"name": "O Patinho Feio",
			"image": "https://firebasestorage.googleapis.com/v0/b/classicine-1c6e2.appspot.com/o/patinho-feio.jpg?alt=media&token=54adce14-4692-4b22-8f2b-bf12a03003d3",
			"visible": true
		}, {
			"_id": 4,
			"name": "O Elefante Elmer",
			"image": "https://firebasestorage.googleapis.com/v0/b/classicine-1c6e2.appspot.com/o/elefante-elmer.jpg?alt=media&token=ee1bf5c9-fe16-419e-b316-73eeb455ea97",
			"visible": true
		}, {
			"_id": 5,
			"name": "A Tartaruga E A Lebre",
			"image": "https://firebasestorage.googleapis.com/v0/b/classicine-1c6e2.appspot.com/o/tartaruga-lebre.jpg?alt=media&token=f19a994a-d181-4d65-8fe1-bbfc5a7839f5",
			"visible": true
		}
	]
}