{
	"_id": 4,
    "name": "Romance",
	"films": [
		{
			"_id": 1,
			"name": "Casablanca",
			"image": "https://firebasestorage.googleapis.com/v0/b/classicine-1c6e2.appspot.com/o/casablanca.jpg?alt=media&token=b4388b5c-d6b6-44ed-bc2c-e3962542b0a8",
			"visible": true
		}, {
			"_id": 2,
			"name": "E O Vento Levou",
			"image": "https://firebasestorage.googleapis.com/v0/b/classicine-1c6e2.appspot.com/o/vento-levou.jpg?alt=media&token=4aa74f97-96a8-4a21-a16c-9a369eb8cb1a",
			"visible": true
		}, {
			"_id": 3,
			"name": "Do Mundo Não Se Leva Nada",
			"image": "https://firebasestorage.googleapis.com/v0/b/classicine-1c6e2.appspot.com/o/mundo-leva-nada.jpg?alt=media&token=d66e4e17-4a0b-4f4e-b658-5a5036cfe55e",
			"visible": true
		}, {
			"_id": 4,
			"name": "Luzes Da Cidade",
			"image": "https://firebasestorage.googleapis.com/v0/b/classicine-1c6e2.appspot.com/o/luzes-cidade.jpg?alt=media&token=5823b584-7c6a-41a5-b6c8-5d892831feef",
			"visible": true
		}, {
			"_id": 5,
			"name": "O Atalante",
			"image": "https://firebasestorage.googleapis.com/v0/b/classicine-1c6e2.appspot.com/o/atalante.jpg?alt=media&token=0c6d62de-f184-4b54-ac91-f69de46ae1b5",
			"visible": true
		}, {
			"_id": 6,
			"name": "O Caminho Das Estrelas",
			"image": "https://firebasestorage.googleapis.com/v0/b/classicine-1c6e2.appspot.com/o/caminho-estrelas.jpg?alt=media&token=f1b76875-04dd-4d69-ad8b-d10dcd0e07fc",
			"visible": true
		}, {
			"_id": 7,
			"name": "Aconteceu Naquela Noite",
			"image": "https://firebasestorage.googleapis.com/v0/b/classicine-1c6e2.appspot.com/o/aconteceu-naquela-noite.jpg?alt=media&token=1c85e777-a523-400c-a6d8-0e989191e1d3",
			"visible": true
		}
	]
}