{
	"_id": 1,
    "name": "Terror",
	"films": [
		{
			"_id": 1,
			"name": "Drácula",
			"image": "https://firebasestorage.googleapis.com/v0/b/classicine-1c6e2.appspot.com/o/dracula.jpg?alt=media&token=da8cf050-0a43-445b-9abe-96dc2ba1c79b",
			"visible": true
		}, {
			"_id": 2,
			"name": "Frankenstein",
			"image": "https://firebasestorage.googleapis.com/v0/b/classicine-1c6e2.appspot.com/o/frankenstein.jpg?alt=media&token=a021e67c-0793-45b2-b9bd-12ec9d4a8635",
			"visible": true
		}, {
			"_id": 3,
			"name": "A Múmia",
			"image": "https://firebasestorage.googleapis.com/v0/b/classicine-1c6e2.appspot.com/o/mumia.jpg?alt=media&token=9560b92f-9002-4fc7-b60f-9480e72e79ac",
			"visible": true
		}, {
			"_id": 4,
			"name": "Nosferatu",
			"image": "https://firebasestorage.googleapis.com/v0/b/classicine-1c6e2.appspot.com/o/nosferatu.jpg?alt=media&token=119408e6-402f-405c-b267-6ef9ea57b88c",
			"visible": true
		}, {
			"_id": 5,
			"name": "M - O Vampiro De Dusseldorf",
			"image": "https://firebasestorage.googleapis.com/v0/b/classicine-1c6e2.appspot.com/o/m-vampiro.jpg?alt=media&token=7b47fc3a-83fc-4b52-a2ad-5181673ea32b",
			"visible": true
		}
	]
}